{
	"mods/alexscaves-2.0.2.jar": "https://cdn.modrinth.com/data/U6GY0xp0/versions/lC8HHXOF/alexscaves-2.0.2.jar",
	"mods/citadel-2.6.1-1.20.1.jar": "https://cdn.modrinth.com/data/jJfV67b1/versions/a7H8TGhJ/citadel-2.6.1-1.20.1.jar",
	"mods/farmers-cutting-biomes-o-plenty-1.0.0.jar": "https://cdn.modrinth.com/data/QWfaJXEc/versions/kA7X98r6/farmers-cutting-biomes-o-plenty-1.0.0.jar"
	"mods/FarmersDelight-1.20.1-1.2.6.jar": "https://cdn.modrinth.com/data/R2OftAxM/versions/MG1Xuspn/FarmersDelight-1.20.1-1.2.6.jar",
	"mods/industrial-foregoing-1.20.1-3.5.19.jar": "https://cdn.modrinth.com/data/lWxpUd04/versions/O8YO7ORj/industrial-foregoing-1.20.1-3.5.19.jar",
	"mods/forge-medievalend-1.0.1.jar": "https://cdn.modrinth.com/data/bq6nqeOx/versions/GtiP8x44/forge-medievalend-1.0.1.jar",
	"mods/titanium-1.20.1-3.8.32.jar": "https://cdn.modrinth.com/data/1Ro7m06l/versions/8krhHkrZ/titanium-1.20.1-3.8.32.jar",
	"mods/veinmining-forge-1.5.0+1.20.1.jar": "https://cdn.modrinth.com/data/bRAPbNyF/versions/qV4B4EMI/veinmining-forge-1.5.0%2B1.20.1.jar"
}