{
  "mods/starlight-1.1.2+forge.1cda73c.jar": "https://cdn.modrinth.com/data/iRfIGC1s/versions/cNa0vkNj/starlight-1.1.2%2Bforge.1cda73c.jar",
  "mods/plasmovoice-forge-1.20.1-2.1.2.jar": "https://cdn.modrinth.com/data/1bZhdhsH/versions/2myH3vs2/plasmovoice-forge-1.20.1-2.1.2.jar",
  "mods/XaerosWorldMap_1.39.2_Forge_1.20.jar": "https://cdn.modrinth.com/data/NcUtCpym/versions/3Wmpi0tR/XaerosWorldMap_1.39.2_Forge_1.20.jar",
  "mods/bulletarmorenchant-1.1-1.20.1 .jar": "https://cdn.modrinth.com/data/xLHm9KvS/versions/kBkyMVqf/bulletarmorenchant-1.1-1.20.1%20.jar",
  "mods/memoryleakfix-forge-1.17+-1.1.5.jar": "https://cdn.modrinth.com/data/NRjRiSSD/versions/3w0IxNtk/memoryleakfix-forge-1.17%2B-1.1.5.jar",
  "mods/advancednetherite-forge-2.1.3-1.20.1.jar": "https://cdn.modrinth.com/data/CFX9ftUJ/versions/DW4je0EN/advancednetherite-forge-2.1.3-1.20.1.jar",
  "mods/supermartijn642configlib-1.1.8-forge-mc1.20.jar": "https://cdn.modrinth.com/data/LN9BxssP/versions/ZKor79dR/supermartijn642configlib-1.1.8-forge-mc1.20.jar",
  "mods/Via_Romana-1.20.1-1.2.4.jar": "https://cdn.modrinth.com/data/FVToiKwr/versions/mUpvUDAw/Via_Romana-1.20.1-1.2.4.jar",
  "mods/architectury-9.2.14-forge.jar": "https://cdn.modrinth.com/data/lhGA9TYQ/versions/1MKTLiiG/architectury-9.2.14-forge.jar",
  "mods/chipped-forge-1.20.1-3.0.7.jar": "https://cdn.modrinth.com/data/BAscRYKm/versions/pi3f4er3/chipped-forge-1.20.1-3.0.7.jar",
  "mods/modernfix-forge-5.19.7+mc1.20.1.jar": "https://cdn.modrinth.com/data/nmDcB62a/versions/vX1O3CGg/modernfix-forge-5.19.7%2Bmc1.20.1.jar",
  "mods/TerraBlender-forge-1.20.1-3.0.1.7.jar": "https://cdn.modrinth.com/data/kkmrDlKT/versions/HI0iCUpi/TerraBlender-forge-1.20.1-3.0.1.7.jar",
  "mods/CodeChickenLib-1.20.1-4.4.0.516-universal.jar": "https://cdn.modrinth.com/data/2gq0ALnz/versions/pxajg7Ob/CodeChickenLib-1.20.1-4.4.0.516-universal.jar",
  "mods/entityculling-forge-1.7.2-mc1.20.1.jar": "https://cdn.modrinth.com/data/NNAgCjsB/versions/yyU9Ifp0/entityculling-forge-1.7.2-mc1.20.1.jar",
  "mods/EasierSleeping-1.20.1-2.1.3.jar": "https://cdn.modrinth.com/data/yTTpfxdS/versions/jS5od0UG/EasierSleeping-1.20.1-2.1.3.jar",
  "mods/athena-forge-1.20.1-3.1.2.jar": "https://cdn.modrinth.com/data/b1ZV3DIJ/versions/DULOQFj7/athena-forge-1.20.1-3.1.2.jar",
  "mods/xaeros-map-server-utils-1.0.0.jar": "https://cdn.modrinth.com/data/YJgkgKMm/versions/URN5H2cw/xaeros-map-server-utils-1.0.0.jar",
  "mods/Clumps-forge-1.20.1-12.0.0.4.jar": "https://cdn.modrinth.com/data/Wnxd13zP/versions/nAHGB5ls/Clumps-forge-1.20.1-12.0.0.4.jar",
  "mods/Jade-1.20.1-Forge-11.12.2.jar": "https://cdn.modrinth.com/data/nvQzSEkH/versions/bzWVE2db/Jade-1.20.1-Forge-11.12.2.jar",
  "mods/rechiseled-1.1.6-forge-mc1.20.jar": "https://cdn.modrinth.com/data/B0g2vT6l/versions/C384ujVf/rechiseled-1.1.6-forge-mc1.20.jar",
  "mods/polymorph-forge-0.49.5+1.20.1.jar": "https://cdn.modrinth.com/data/tagwiZkJ/versions/V6TZ8mE6/polymorph-forge-0.49.5%2B1.20.1.jar",
  "mods/out_of_sight-1.20.1-1.0.3.jar": "https://cdn.modrinth.com/data/sjbXWxYV/versions/fBGV35VM/out_of_sight-1.20.1-1.0.3.jar",
  "mods/ironfurnaces-1.20.1-4.1.6.jar": "https://cdn.modrinth.com/data/yPlaLxD1/versions/fGEswUMR/ironfurnaces-1.20.1-4.1.6.jar",
  "mods/deeperdarker-forge-1.20.1-1.3.3.jar": "https://cdn.modrinth.com/data/fnAffV0n/versions/e2oirgc2/deeperdarker-forge-1.20.1-1.3.3.jar",
  "mods/MouseTweaks-forge-mc1.20.1-2.25.1.jar": "https://cdn.modrinth.com/data/aC3cM3Vq/versions/7JVXOe3K/MouseTweaks-forge-mc1.20.1-2.25.1.jar",
  "mods/simplyswords-forge-1.56.0-1.20.1.jar": "https://cdn.modrinth.com/data/bK3Ubu9p/versions/OFYmngee/simplyswords-forge-1.56.0-1.20.1.jar",
  "mods/pv-addon-lavaplayer-lib-1.1.2.jar": "https://cdn.modrinth.com/data/Kx9d4acU/versions/dHdwMBPu/pv-addon-lavaplayer-lib-1.1.2.jar",
  "mods/Xaeros_Minimap_24.6.1_Forge_1.20.jar": "https://cdn.modrinth.com/data/1bokaNcj/versions/C3YstOIl/Xaeros_Minimap_24.6.1_Forge_1.20.jar",
  "mods/geckolib-forge-1.20.1-4.4.9.jar": "https://cdn.modrinth.com/data/8BmcQJ2H/versions/RBA7lJaW/geckolib-forge-1.20.1-4.4.9.jar",
  "mods/noisium-forge-2.3.0+mc1.20-1.20.1.jar": "https://cdn.modrinth.com/data/KuNKN7d2/versions/gbYUKrDP/noisium-forge-2.3.0%2Bmc1.20-1.20.1.jar",
  "mods/lradd-1.20.1-0.2.3.jar": "https://cdn.modrinth.com/data/vWxaCnwP/versions/GQ5cUgbO/lradd-1.20.1-0.2.3.jar",
  "mods/pv-addon-sculk-1.1.0.jar": "https://cdn.modrinth.com/data/7dI2zrDy/versions/HmseAzbt/pv-addon-sculk-1.1.0.jar",
  "mods/pv-addon-broadcast-1.1.0.jar": "https://cdn.modrinth.com/data/ZI9h3Y7k/versions/RNSzWpVe/pv-addon-broadcast-1.1.0.jar",
  "mods/tectonic-forge-1.20.1-2.4.1.jar": "https://cdn.modrinth.com/data/lWDHr9jE/versions/ubqOXeYf/tectonic-forge-1.20.1-2.4.1.jar",
  "mods/sound-physics-remastered-forge-1.20.1-1.4.8.jar": "https://cdn.modrinth.com/data/qyVF9oeo/versions/O13IgRhY/sound-physics-remastered-forge-1.20.1-1.4.8.jar",
  "mods/flib-1.20.1-0.0.14.jar": "https://cdn.modrinth.com/data/FAUSd09K/versions/Qv28YacJ/flib-1.20.1-0.0.14.jar",
  "mods/supermartijn642corelib-1.1.17a-forge-mc1.20.1.jar": "https://cdn.modrinth.com/data/rOUBggPv/versions/VOQdQhsn/supermartijn642corelib-1.1.17a-forge-mc1.20.1.jar",
  "mods/ImmediatelyFast-Forge-1.3.3+1.20.4.jar": "https://cdn.modrinth.com/data/5ZwdcRci/versions/abfWjwdT/ImmediatelyFast-Forge-1.3.3%2B1.20.4.jar",
  "mods/tacz-1.20.1-1.0.3-all.jar": "https://cdn.modrinth.com/data/SzzJttH8/versions/Qd1RlJ8k/tacz-1.20.1-1.0.3-all.jar",
  "mods/Searchables-forge-1.20.1-1.0.3.jar": "https://cdn.modrinth.com/data/fuuu3xnx/versions/PM9yAW1G/Searchables-forge-1.20.1-1.0.3.jar",
  "mods/oculus-mc1.20.1-1.7.0.jar": "https://cdn.modrinth.com/data/GchcoXML/versions/vVuYfukI/oculus-mc1.20.1-1.7.0.jar",
  "mods/lrarmor-1.20.1-0.1.4.3.jar": "https://cdn.modrinth.com/data/iSupMfXz/versions/dfHoF5Zc/lrarmor-1.20.1-0.1.4.3.jar",
  "mods/jei-1.20.1-forge-15.20.0.105.jar": "https://cdn.modrinth.com/data/u6dRKJwZ/versions/iNv5B1Zj/jei-1.20.1-forge-15.20.0.105.jar",
  "mods/moreprotectables-1.20.1-1.2.3.10.jar": "https://cdn.modrinth.com/data/KnaNFo7k/versions/4mxLvVmY/moreprotectables-1.20.1-1.2.3.10.jar",
  "mods/[1.20.1] SecurityCraft v1.9.12.jar": "https://cdn.modrinth.com/data/v8jzRtAt/versions/ctoXyPnp/%5B1.20.1%5D%20SecurityCraft%20v1.9.12.jar",
  "mods/rubidium-extra-0.5.4.3+mc1.20.1-build.121.jar": "https://cdn.modrinth.com/data/oY2B1pjg/versions/6Iycptzn/rubidium-extra-0.5.4.3%2Bmc1.20.1-build.121.jar",
  "mods/enderitemod-1.5.1-1.20.1-forge.jar": "https://cdn.modrinth.com/data/6lvRWqbA/versions/X2YeGX9Q/enderitemod-1.5.1-1.20.1-forge.jar",
  "mods/resourcefullib-forge-1.20.1-2.1.29.jar": "https://cdn.modrinth.com/data/G1hIVOrD/versions/OhsHaCcW/resourcefullib-forge-1.20.1-2.1.29.jar",
  "mods/Controlling-forge-1.20.1-12.0.2.jar": "https://cdn.modrinth.com/data/xv94TkTM/versions/LH6Bi6Am/Controlling-forge-1.20.1-12.0.2.jar",
  "mods/pv-addon-groups-1.1.0.jar": "https://cdn.modrinth.com/data/g2HFPeCl/versions/UrbDrJ9B/pv-addon-groups-1.1.0.jar",
  "mods/ironchest-1.20.1-14.4.4.jar": "https://cdn.modrinth.com/data/P3iIrPH3/versions/YjbOtYwN/ironchest-1.20.1-14.4.4.jar",
  "mods/radium-mc1.20.1-0.12.4+git.26c9d8e.jar": "https://cdn.modrinth.com/data/2gvRmQXx/versions/n947JjJH/radium-mc1.20.1-0.12.4%2Bgit.26c9d8e.jar",
  "mods/blahaj-forge+1.20.1-0.6.2.jar": "https://cdn.modrinth.com/data/faitfqhg/versions/AAMKvXNn/blahaj-forge%2B1.20.1-0.6.2.jar",
  "mods/SimpleStorageNetwork-1.20.1-1.12.0.jar": "https://cdn.modrinth.com/data/cVIr8Vz1/versions/XHiGoU7V/SimpleStorageNetwork-1.20.1-1.12.0.jar",
  "mods/appleskin-forge-mc1.20.1-2.5.1.jar": "https://cdn.modrinth.com/data/EsAfCjCV/versions/XdXDExVF/appleskin-forge-mc1.20.1-2.5.1.jar",
  "mods/skinlayers3d-forge-1.7.4-mc1.20.1.jar": "https://cdn.modrinth.com/data/zV5r3pPn/versions/VM4DBhDl/skinlayers3d-forge-1.7.4-mc1.20.1.jar",
  "mods/ferritecore-6.0.1-forge.jar": "https://cdn.modrinth.com/data/uXXizFIs/versions/DG5Fn9Sz/ferritecore-6.0.1-forge.jar",
  "mods/fusion-1.1.1-forge-mc1.20.1.jar": "https://cdn.modrinth.com/data/p19vrgc2/versions/oA5jxU4i/fusion-1.1.1-forge-mc1.20.1.jar",
  "mods/travelersbackpack-forge-1.20.1-9.1.16.jar": "https://cdn.modrinth.com/data/rlloIFEV/versions/FeYZiTcJ/travelersbackpack-forge-1.20.1-9.1.16.jar",
  "mods/Draconic-Evolution-1.20.1-3.1.2.598-universal.jar": "https://cdn.modrinth.com/data/nBqivi8H/versions/Gy454rgW/Draconic-Evolution-1.20.1-3.1.2.598-universal.jar",
  "mods/dynamic-fps-3.7.7+minecraft-1.20.0-forge.jar": "https://cdn.modrinth.com/data/LQ3K71Q1/versions/RWJOhJC6/dynamic-fps-3.7.7%2Bminecraft-1.20.0-forge.jar",
  "mods/rechiseled_chipped-1.1.jar": "https://cdn.modrinth.com/data/ryYcxeeA/versions/DDN7NmiW/rechiseled_chipped-1.1.jar",
  "mods/weaponleveling-1.20.1-2.2.2-forge.jar": "https://cdn.modrinth.com/data/IuFgFiGE/versions/eJJNwguo/weaponleveling-1.20.1-2.2.2-forge.jar",
  "mods/gravestone-forge-1.20.1-1.0.24.jar": "https://cdn.modrinth.com/data/RYtXKJPr/versions/YuF7RHRe/gravestone-forge-1.20.1-1.0.24.jar",
  "mods/tool-trims-mod-v2-2-1a.jar": "https://cdn.modrinth.com/data/uXeEiQk1/versions/ycM3IKPy/tool-trims-mod-v2-2-1a.jar",
  "mods/CBMultipart-1.20.1-3.3.0.146-universal.jar": "https://cdn.modrinth.com/data/LmvnWWSV/versions/RKOPiW1p/CBMultipart-1.20.1-3.3.0.146-universal.jar",
  "mods/BrandonsCore-1.20.1-3.2.1.302-universal.jar": "https://cdn.modrinth.com/data/iFDWVIFV/versions/qFTHdrDH/BrandonsCore-1.20.1-3.2.1.302-universal.jar",
  "mods/cloth-config-11.1.136-forge.jar": "https://cdn.modrinth.com/data/9s6osm5g/versions/t8TXrZvZ/cloth-config-11.1.136-forge.jar",
  "mods/pv-addon-soundphysics-1.1.0.jar": "https://cdn.modrinth.com/data/K1y8brkJ/versions/E3AxqvF3/pv-addon-soundphysics-1.1.0.jar",
  "mods/BiomesOPlenty-forge-1.20.1-19.0.0.91.jar": "https://cdn.modrinth.com/data/HXF82T3G/versions/qlLkvQuH/BiomesOPlenty-forge-1.20.1-19.0.0.91.jar",
  "mods/XaeroZoomout-Forge-1.20-1.1.0.jar": "https://cdn.modrinth.com/data/T6oqPfxF/versions/Njq4wNB7/XaeroZoomout-Forge-1.20-1.1.0.jar",
  "mods/XaeroPlus-2.24.8+forge-1.20.1-WM1.39.2-MM24.6.1.jar": "https://cdn.modrinth.com/data/EnPUzSTg/versions/ZWZsmKJs/XaeroPlus-2.24.8%2Bforge-1.20.1-WM1.39.2-MM24.6.1.jar",
  "mods/Patchouli-1.20.1-84-FORGE.jar": "https://cdn.modrinth.com/data/nU0bVIaL/versions/JMtc0mTS/Patchouli-1.20.1-84-FORGE.jar",
  "mods/embeddium-0.3.31+mc1.20.1.jar": "https://cdn.modrinth.com/data/sk9rgfiA/versions/UTbfe5d1/embeddium-0.3.31%2Bmc1.20.1.jar",
  "mods/GlitchCore-forge-1.20.1-0.0.1.1.jar": "https://cdn.modrinth.com/data/s3dmwKy5/versions/pYPZ5MNI/GlitchCore-forge-1.20.1-0.0.1.1.jar"
}