{
	"mods/balm-forge-1.20.1-7.3.10-all.jar": "https://cdn.modrinth.com/data/MBAkmtvl/versions/9hXDXsUQ/balm-forge-1.20.1-7.3.10-all.jar",
	"mods/botarium-forge-1.20.1-2.3.4.jar": "https://cdn.modrinth.com/data/2u6LRnMa/versions/O7D6FTfW/botarium-forge-1.20.1-2.3.4.jar",
	"mods/create-1.20.1-0.5.1.j.jar": "https://cdn.modrinth.com/data/LNytGWDc/versions/6R069CcK/create-1.20.1-0.5.1.j.jar",
	"mods/createbigcannons-5.7.2-mc.1.20.1-forge.jar": "https://cdn.modrinth.com/data/GWp4jCJj/versions/wEbGQg7M/createbigcannons-5.7.2-mc.1.20.1-forge.jar",
	"mods/createaddition-1.20.1-1.2.4e.jar": "https://cdn.modrinth.com/data/kU1G12Nn/versions/4DW3pAsX/createaddition-1.20.1-1.2.4e.jar",
	"mods/create_enchantment_industry-1.20.1-for-create-0.5.1.f-1.2.9.d.jar": "https://cdn.modrinth.com/data/JWGBpFUP/versions/JFhYaP3a/create_enchantment_industry-1.20.1-for-create-0.5.1.f-1.2.9.d.jar",
	"mods/creategoggles-1.20.1-0.5.5.g-%5BFORGE%5D.jar": "https://cdn.modrinth.com/data/L1RT5SJc/versions/hLJwCYDp/creategoggles-1.20.1-0.5.5.g-%5BFORGE%5D.jar",
	"mods/createoreexcavation-1.20-1.5.3.jar": "https://cdn.modrinth.com/data/ResbpANg/versions/eJi1oefO/createoreexcavation-1.20-1.5.3.jar",
	"mods/sliceanddice-forge-3.3.0.jar": "https://cdn.modrinth.com/data/GmjmRQ0A/versions/bKH5nqMk/sliceanddice-forge-3.3.0.jar",
	"mods/createutilities-0.3.0%2B1.20.1.jar": "https://cdn.modrinth.com/data/PRHeWeBs/versions/K5L9tf5R/createutilities-0.3.0%2B1.20.1.jar",
	"mods/create_waystones_recipes-1.0.1.b.jar": "https://cdn.modrinth.com/data/wQpKGqNJ/versions/8qDfChgt/create_waystones_recipes-1.0.1.b.jar",
	"mods/bellsandwhistles-0.4.3-1.20.x.jar": "https://cdn.modrinth.com/data/gJ5afkVv/versions/uvnfNUsp/bellsandwhistles-0.4.3-1.20.x.jar",
	"mods/create-new-age-forge-1.20.1-1.1.2.jar": "https://cdn.modrinth.com/data/FTeXqI9v/versions/2BEeSV7E/create-new-age-forge-1.20.1-1.1.2.jar",
	"mods/Steam_Rails-1.6.7%2Bforge-mc1.20.1.jar": "https://cdn.modrinth.com/data/ZzjhlDgM/versions/pklcGSDf/Steam_Rails-1.6.7%2Bforge-mc1.20.1.jar",
	"mods/kotlinforforge-4.11.0-all.jar": "https://cdn.modrinth.com/data/ordsPcFz/versions/hmeyC41q/kotlinforforge-4.11.0-all.jar",
	"mods/waystones-forge-1.20-14.1.6.jar": "https://cdn.modrinth.com/data/LOpKHB2A/versions/5LARDzDl/waystones-forge-1.20-14.1.6.jar",
	"mods/WaystoneAndCreate-1.20.1.jar": "https://cdn.modrinth.com/data/efQIJZNM/versions/JWf8DaK0/WaystoneAndCreate-1.20.1.jar",
        "mods/xaeros_waystones_compability-1.19.2-1.20.1--1.0.jar": "https://cdn.modrinth.com/data/7mLhyqIY/versions/flkS2tex/xaeros_waystones_compability-1.19.2-1.20.1--1.0.jar",
}